TP,FP,FN,TN,Total,Precision,Recall,F1_Score,Accuracy
45,10,15,195,265,0.8181818181818182,0.75,0.782608695652174,0.9056603773584906
