pdf_name,TP,FP,FN,TN,Total,Precision,Recall,F1_Score,Accuracy
ACC012 4202092525.pdf,10,2,1,40,53,0.8333333333333334,0.9090909090909091,0.8695652173913043,0.9433962264150944
ANA005 90443097.pdf,10,1,3,39,53,0.9090909090909091,0.7692307692307693,0.8333333333333334,0.9245283018867925
ENB001 166574659065NOV2025.pdf,8,3,3,39,53,0.7272727272727273,0.7272727272727273,0.7272727272727273,0.8867924528301887
HYD001 5160530790NOV2025.pdf,7,1,5,40,53,0.875,0.5833333333333334,0.7,0.8867924528301887
TEL006 4222600.pdf,10,3,3,37,53,0.7692307692307693,0.7692307692307693,0.7692307692307693,0.8867924528301887
